Year,Glob,NHem,SHem,24N-90N,24S-24N,90S-24S,64N-90N,44N-64N,24N-44N,EQU-24N,24S-EQU,44S-24S,64S-44S,90S-64S
1880,-.18,-.30,-.05,-.40,-.14,-.01,-.78,-.51,-.31,-.16,-.12,-.04,.05,.69
1881,-.09,-.19,.00,-.36,.09,-.07,-.83,-.46,-.23,.09,.09,-.05,-.07,.62
1882,-.11,-.22,-.01,-.31,-.06,.01,-1.33,-.28,-.17,-.06,-.06,.01,.04,.65
1883,-.18,-.29,-.07,-.35,-.18,-.01,-.11,-.56,-.28,-.19,-.16,-.04,.07,.52
1884,-.29,-.43,-.15,-.60,-.16,-.14,-1.24,-.65,-.48,-.14,-.18,-.19,-.02,.67
1885,-.34,-.44,-.24,-.65,-.15,-.27,-1.45,-.69,-.47,-.08,-.21,-.33,-.15,.84
1886,-.32,-.44,-.20,-.57,-.21,-.21,-1.53,-.51,-.41,-.23,-.19,-.20,-.20,.61
1887,-.36,-.44,-.29,-.52,-.31,-.28,-1.70,-.51,-.30,-.31,-.31,-.27,-.26,.34
1888,-.18,-.24,-.12,-.42,.08,-.28,-1.25,-.45,-.25,.05,.12,-.31,-.22,.18
1889,-.11,-.18,-.04,-.29,.06,-.16,-.63,-.24,-.28,.00,.13,-.15,-.15,.47
1890,-.36,-.39,-.32,-.46,-.38,-.22,-1.08,-.57,-.28,-.29,-.48,-.17,-.27,.17
1891,-.23,-.26,-.19,-.42,-.09,-.21,-1.05,-.34,-.37,-.01,-.17,-.18,-.23,-.13
1892,-.28,-.40,-.15,-.43,-.31,-.08,-1.06,-.66,-.18,-.35,-.27,.02,-.21,.11
1893,-.31,-.48,-.15,-.50,-.38,-.04,-.60,-.54,-.47,-.44,-.32,.07,-.20,-.02
1894,-.31,-.39,-.22,-.32,-.35,-.23,-.91,-.33,-.19,-.50,-.20,-.14,-.35,-.35
1895,-.23,-.31,-.15,-.40,-.09,-.25,-.64,-.53,-.27,-.16,-.01,-.19,-.32,-.56
1896,-.12,-.20,-.03,-.35,.08,-.15,-.85,-.38,-.22,.03,.13,-.15,-.13,.28
1897,-.11,-.17,-.05,-.35,.15,-.23,-.53,-.47,-.25,.11,.19,-.18,-.27,.43
1898,-.28,-.29,-.26,-.35,-.23,-.26,-1.14,-.25,-.24,-.20,-.27,-.27,-.21,.40
1899,-.18,-.21,-.14,-.23,-.13,-.18,-.98,-.09,-.15,-.17,-.09,-.15,-.22,.61
1900,-.09,-.10,-.07,-.20,.15,-.29,-.51,-.17,-.16,.07,.24,-.28,-.29,.29
1901,-.16,-.13,-.18,-.15,-.05,-.30,-.31,-.11,-.15,-.08,-.03,-.27,-.33,.28
1902,-.28,-.34,-.22,-.53,-.05,-.34,-1.47,-.51,-.32,-.04,-.06,-.28,-.43,-.02
1903,-.37,-.38,-.37,-.46,-.30,-.38,-.18,-.43,-.56,-.26,-.34,-.35,-.40,-.48
1904,-.48,-.49,-.47,-.51,-.48,-.43,-.17,-.61,-.55,-.46,-.51,-.37,-.49,-1.31
1905,-.26,-.29,-.23,-.40,-.10,-.35,.01,-.24,-.62,-.12,-.07,-.32,-.37,-.32
1906,-.22,-.23,-.22,-.25,-.20,-.23,-.22,-.07,-.39,-.21,-.20,-.20,-.22,-.70
1907,-.39,-.47,-.31,-.58,-.32,-.29,-.53,-.73,-.52,-.31,-.33,-.21,-.37,-1.19
1908,-.43,-.45,-.41,-.47,-.45,-.35,-.19,-.55,-.51,-.43,-.49,-.28,-.48,.69
1909,-.49,-.49,-.49,-.53,-.50,-.44,-.69,-.63,-.44,-.45,-.55,-.37,-.52,-.56
1910,-.44,-.45,-.44,-.41,-.51,-.38,-.57,-.24,-.49,-.51,-.52,-.33,-.45,.17
1911,-.45,-.43,-.47,-.41,-.45,-.48,-.24,-.42,-.47,-.44,-.47,-.44,-.52,.06
1912,-.37,-.47,-.26,-.59,-.22,-.36,-.48,-.79,-.50,-.30,-.13,-.36,-.29,-1.62
1913,-.35,-.42,-.28,-.43,-.30,-.35,-.44,-.33,-.51,-.41,-.19,-.28,-.40,-1.03
1914,-.16,-.19,-.13,-.24,-.10,-.17,-.31,-.16,-.28,-.13,-.07,-.15,-.18,-.35
1915,-.15,-.14,-.15,-.23,-.03,-.22,-.56,-.17,-.18,-.01,-.05,-.15,-.23,-1.97
1916,-.37,-.42,-.32,-.37,-.47,-.23,-.47,-.55,-.24,-.51,-.43,-.23,-.17,-1.04
1917,-.46,-.57,-.37,-.49,-.65,-.19,-.77,-.51,-.43,-.69,-.60,-.23,-.09,.07
1918,-.30,-.40,-.21,-.40,-.36,-.13,-.97,-.28,-.35,-.40,-.32,-.06,-.22,-.27
1919,-.28,-.35,-.21,-.43,-.22,-.22,-.66,-.56,-.30,-.24,-.20,-.15,-.32,.21
1920,-.28,-.31,-.25,-.25,-.28,-.32,.01,-.21,-.35,-.39,-.16,-.19,-.48,-1.13
1921,-.19,-.11,-.27,.02,-.27,-.30,.02,.16,-.09,-.30,-.24,-.23,-.38,-.83
1922,-.28,-.27,-.30,-.24,-.33,-.27,-.25,-.41,-.13,-.33,-.33,-.24,-.28,-.27
1923,-.27,-.22,-.31,-.14,-.31,-.33,.22,-.15,-.25,-.34,-.29,-.26,-.41,-.54
1924,-.27,-.18,-.36,-.12,-.27,-.43,.55,-.25,-.23,-.27,-.26,-.39,-.45,-.52
1925,-.22,-.14,-.30,-.04,-.25,-.37,-.03,.17,-.18,-.29,-.21,-.24,-.55,-.85
1926,-.11,.01,-.22,.03,.01,-.40,.58,.15,-.21,-.01,.02,-.35,-.45,-.63
1927,-.22,-.14,-.29,-.13,-.17,-.38,.04,-.22,-.12,-.15,-.18,-.30,-.45,-1.37
1928,-.20,-.10,-.29,-.07,-.16,-.39,.68,-.17,-.22,-.15,-.17,-.28,-.48,-2.11
1929,-.36,-.34,-.38,-.37,-.28,-.45,.13,-.61,-.38,-.28,-.29,-.43,-.44,-1.07
1930,-.16,-.01,-.29,.04,-.11,-.42,.52,.04,-.10,-.09,-.13,-.33,-.46,-2.59
1931,-.09,.05,-.22,.01,.08,-.42,.57,-.04,-.13,.10,.05,-.42,-.40,-.40
1932,-.16,-.06,-.26,.03,-.17,-.34,.46,.20,-.21,-.19,-.15,-.20,-.53,-.98
1933,-.29,-.25,-.32,-.24,-.29,-.34,-.14,-.46,-.12,-.28,-.29,-.21,-.48,-1.14
1934,-.13,.00,-.25,.18,-.26,-.26,.90,.31,-.13,-.27,-.25,-.15,-.38,-.56
1935,-.20,-.10,-.30,-.05,-.19,-.37,.33,-.04,-.16,-.17,-.21,-.30,-.41,-1.70
1936,-.15,-.03,-.26,-.02,-.14,-.30,.41,.11,-.26,-.06,-.22,-.26,-.33,-.02
1937,-.03,.12,-.18,.20,-.06,-.22,1.24,.03,-.03,.00,-.12,-.19,-.25,.37
1938,.00,.16,-.18,.39,-.23,-.09,1.53,.39,.03,-.18,-.28,-.06,-.11,-.86
1939,-.02,.08,-.13,.23,-.13,-.12,.56,.28,.08,-.12,-.14,-.04,-.18,-1.59
1940,.12,.17,.09,.11,.27,-.07,.99,-.02,-.09,.25,.28,.03,-.20,-.05
1941,.18,.22,.16,.02,.48,-.05,.02,-.10,.08,.53,.43,.03,-.15,-.46
1942,.06,.12,.01,.13,.07,-.01,.72,-.07,.06,.10,.03,.05,-.05,-.89
1943,.09,.18,-.01,.38,-.09,.04,1.43,.28,.11,-.11,-.07,.07,.00,1.15
1944,.20,.27,.14,.39,.18,.05,1.18,.47,.10,.10,.26,.18,-.09,-.97
1945,.09,.11,.09,.11,.17,-.03,.66,-.02,.04,.10,.24,.04,.00,-1.81
1946,-.07,.03,-.17,.06,-.05,-.24,-.03,-.05,.17,-.02,-.08,-.22,-.24,-.20
1947,-.03,.08,-.13,.16,-.06,-.16,1.07,-.13,.05,-.03,-.10,-.19,-.08,-.23
1948,-.11,-.01,-.20,.13,-.18,-.24,.12,.31,.01,-.22,-.14,-.19,-.19,-1.41
1949,-.11,-.03,-.19,.11,-.19,-.23,.20,.17,.05,-.23,-.15,-.17,-.15,-2.01
1950,-.17,-.15,-.20,-.05,-.29,-.14,.18,-.31,.04,-.30,-.28,-.06,-.16,-.86
1951,-.07,.05,-.18,.08,-.06,-.23,.07,.01,.12,.00,-.12,-.22,-.16,-.70
1952,.01,.06,-.03,.11,.01,-.09,.27,-.09,.19,-.01,.04,-.10,-.02,-.53
1953,.08,.24,-.08,.36,.07,-.18,1.03,.35,.14,.08,.06,-.08,-.24,-1.13
1954,-.13,-.02,-.25,.07,-.21,-.22,.80,-.21,.00,-.14,-.29,-.17,-.20,-.82
1955,-.14,-.09,-.21,.05,-.34,-.06,-.23,-.11,.23,-.29,-.39,-.16,-.08,1.21
1956,-.19,-.23,-.16,-.20,-.33,.01,.01,-.48,-.09,-.28,-.38,-.14,.02,.77
1957,.05,.04,.05,.03,.08,.02,.09,.22,-.11,.06,.10,-.09,-.02,.49
1958,.06,.15,-.03,.08,.21,-.15,-.18,.14,.12,.26,.15,-.08,-.08,-.56
1959,.03,.12,-.06,.16,.07,-.16,.49,.18,.04,.07,.07,-.03,-.26,-.39
1960,-.03,.08,-.13,.09,.02,-.20,.34,-.07,.11,.06,-.03,-.10,-.07,-.78
1961,.06,.08,.03,.19,-.03,.05,-.16,.38,.18,-.07,.00,.14,-.17,.21
1962,.03,.13,-.06,.24,-.05,-.07,.44,.31,.14,-.04,-.05,.09,-.08,-.65
1963,.05,.14,-.03,.14,.12,-.12,-.16,.31,.13,.14,.10,-.10,-.17,-.03
1964,-.20,-.19,-.20,-.23,-.14,-.24,-.66,-.20,-.12,-.14,-.14,-.30,-.07,-.37
1965,-.11,-.14,-.07,-.19,-.03,-.13,-.28,-.24,-.12,-.08,.02,-.23,-.03,.00
1966,-.06,-.02,-.09,-.14,.08,-.15,-.76,-.19,.09,.16,-.01,-.23,-.14,.12
1967,-.02,.03,-.07,.12,-.14,-.01,.36,.26,-.05,-.11,-.17,-.09,-.02,.31
1968,-.08,-.07,-.09,-.11,-.06,-.08,-.33,-.02,-.09,-.02,-.11,-.14,.00,-.07
1969,.05,-.03,.14,-.29,.34,.02,-.03,-.61,-.17,.35,.32,.00,.13,-.16
1970,.03,-.04,.09,-.11,.07,.12,-.20,-.13,-.06,.07,.07,.11,.03,.35
1971,-.08,-.15,-.01,-.06,-.26,.13,-.08,.01,-.10,-.30,-.22,.03,.16,.48
1972,.01,-.18,.20,-.34,.17,.15,-.37,-.47,-.24,.06,.27,.16,-.02,.48
1973,.16,.09,.23,.10,.19,.18,.06,.27,.02,.08,.30,.21,.08,.35
1974,-.07,-.18,.03,-.14,-.20,.18,-.19,-.07,-.18,-.23,-.17,.21,-.08,.65
1975,-.01,-.05,.02,.12,-.24,.16,.10,.39,-.05,-.31,-.17,.13,.14,.31
1976,-.10,-.21,.01,-.26,-.12,.09,-.08,-.32,-.28,-.13,-.10,.10,.22,-.22
1977,.18,.12,.24,.14,.16,.25,.16,.24,.06,.10,.22,.21,.31,.28
1978,.07,.02,.11,-.03,.08,.15,-.16,.04,-.04,.10,.05,.20,.13,.03
1979,.16,.08,.25,-.03,.26,.23,-.61,.07,.09,.25,.27,.29,.33,-.21
1980,.26,.17,.35,.06,.31,.38,.26,.02,.02,.33,.29,.35,.37,.56
1981,.32,.37,.27,.48,.18,.36,1.09,.79,.08,.22,.14,.28,.39,.62
1982,.14,.05,.23,-.08,.27,.18,-.40,.10,-.08,.25,.29,.18,.32,-.11
1983,.31,.25,.39,.22,.43,.25,.19,.69,-.07,.29,.58,.21,.41,.10
1984,.16,.04,.28,.02,.18,.26,.36,.08,-.13,.07,.30,.16,.32,.54
1985,.12,.00,.24,-.03,.09,.31,.39,-.26,-.01,.04,.14,.30,.44,.07
1986,.18,.13,.23,.11,.22,.20,.01,.28,.03,.17,.27,.25,.25,-.09
1987,.32,.25,.40,.04,.58,.25,-.36,.13,.12,.55,.62,.32,.25,.01
1988,.39,.37,.41,.40,.37,.40,.59,.57,.24,.32,.42,.38,.20,.94
1989,.27,.27,.27,.41,.13,.34,.33,.69,.25,.06,.19,.36,.30,.37
1990,.45,.53,.37,.63,.37,.37,.58,.88,.49,.38,.36,.37,.37,.37
1991,.41,.41,.40,.47,.36,.39,.75,.66,.26,.32,.41,.31,.29,.98
1992,.22,.14,.31,.10,.28,.27,-.17,.44,-.03,.20,.37,.20,.33,.42
1993,.23,.19,.28,.13,.32,.22,.55,.29,-.11,.28,.36,.26,.39,-.28
1994,.32,.37,.26,.43,.31,.21,.34,.50,.42,.28,.34,.26,.23,-.02
1995,.45,.58,.32,.70,.42,.22,1.31,.98,.32,.40,.45,.28,.15,.16
1996,.33,.26,.40,.23,.32,.45,.76,.17,.11,.31,.33,.32,.28,1.31
1997,.47,.52,.42,.54,.51,.33,.76,.90,.23,.50,.52,.42,.36,.03
1998,.61,.71,.51,.78,.69,.32,.86,.94,.66,.60,.79,.39,.31,.15
1999,.38,.48,.28,.70,.20,.30,.40,.80,.74,.16,.25,.46,.19,.02
2000,.39,.50,.29,.70,.24,.29,.97,.80,.55,.21,.28,.41,.10,.28
2001,.53,.64,.43,.80,.42,.41,1.06,.86,.69,.40,.44,.58,.24,.24
2002,.63,.71,.55,.83,.59,.48,1.25,1.00,.58,.55,.64,.49,.31,.79
2003,.62,.75,.49,.84,.64,.36,1.50,.98,.54,.61,.67,.44,.24,.36
2004,.53,.66,.41,.72,.55,.32,.46,.95,.66,.56,.54,.48,.23,-.05
2005,.68,.86,.50,1.02,.62,.42,1.99,1.22,.57,.62,.62,.49,.18,.69
2006,.64,.82,.46,.99,.56,.40,1.76,1.06,.70,.57,.55,.51,.19,.46
2007,.67,.85,.48,1.12,.46,.48,2.09,1.31,.69,.45,.48,.50,.07,1.28
2008,.54,.68,.41,.91,.37,.40,1.53,1.07,.62,.33,.42,.53,.08,.63
2009,.66,.72,.59,.78,.68,.51,1.42,.60,.68,.65,.70,.60,.15,.99
2010,.73,.90,.55,1.03,.68,.48,2.24,.87,.74,.72,.65,.63,.20,.53
2011,.61,.74,.47,.98,.37,.56,2.32,.93,.58,.38,.35,.64,.19,1.10
2012,.65,.80,.49,1.03,.52,.43,2.13,.92,.74,.47,.57,.56,.20,.45
2013,.68,.80,.55,.95,.58,.54,1.54,1.04,.70,.58,.57,.63,.23,.86
2014,.75,.92,.58,1.08,.67,.53,2.06,1.14,.73,.69,.65,.72,.19,.56
2015,.90,1.18,.62,1.32,.95,.40,2.02,1.48,1.00,.98,.93,.75,.20,-.35
2016,1.01,1.31,.72,1.54,1.00,.49,3.26,1.43,1.07,.95,1.06,.67,.28,.37
2017,.92,1.17,.66,1.38,.80,.60,2.51,1.37,1.03,.86,.75,.76,.38,.52
2018,.85,1.04,.66,1.25,.67,.69,2.17,1.09,1.05,.73,.62,.79,.41,.92
2019,.98,1.21,.74,1.43,.89,.64,2.78,1.43,.99,.90,.89,.74,.41,.82
2020,1.01,1.34,.67,1.66,.85,.57,2.86,1.81,1.19,.87,.82,.59,.40,.85
2021,.85,1.14,.55,1.43,.65,.53,2.08,1.36,1.26,.72,.58,.72,.33,.30
2022,.89,1.16,.62,1.52,.56,.70,2.36,1.50,1.27,.62,.49,.79,.41,1.06
2023,1.17,1.49,.85,1.77,1.06,.71,2.58,1.86,1.46,1.08,1.04,.90,.46,.60
2024,1.28,1.65,.92,1.95,1.19,.75,2.91,1.96,1.65,1.21,1.16,.88,.54,.72
2025,1.19,1.48,.89,1.91,.85,.92,2.98,1.98,1.53,.85,.85,.97,.55,1.56
